service,team,tickets,service_pct
CRM & Client Portal,Client Services,768,100.0
Cash Management,Treasury & Cash,716,100.0
Client Reporting,Client Services,746,100.0
Corporate Actions,Securities Operations,780,100.0
Emailed Support Tickets,Service Desk,5423,100.0
Fund Pricing,Valuation & Pricing,799,100.0
Identity & Access Management,Enterprise Applications,755,100.0
NAV Calculation,Valuation & Pricing,737,100.0
Order Management,Trading Support,739,100.0
Outlook & Email,Enterprise Applications,805,100.0
Portfolio Accounting,Investment Operations,774,100.0
Regulatory Reporting,Risk & Controls,764,100.0
Rimes Data Feed,Market Data Services,751,100.0
Risk & Compliance Monitoring,Risk & Controls,777,100.0
Securities Settlement,Securities Operations,778,100.0
SharePoint & File Storage,Enterprise Applications,759,100.0
SimCorp Dimension,Enterprise Applications,797,100.0
Tax Reporting,Tax & Reporting,731,100.0
Trade Matching,Investment Operations,801,100.0
Trading Platform,Investment Operations,800,100.0
