value,tickets,ticket_pct
intcom.com,14033,70.165
extcom_05.com,231,1.155
extcom_12.com,228,1.14
extcom_28.com,220,1.1
extcom_16.com,214,1.07
extcom_08.com,212,1.06
extcom_18.com,208,1.04
extcom_14.com,206,1.03
extcom_30.com,204,1.02
extcom_25.com,204,1.02
extcom_02.com,202,1.01
extcom_01.com,202,1.01
extcom_11.com,201,1.005
extcom_03.com,200,1.0
extcom_19.com,199,0.995
extcom_04.com,198,0.99
extcom_29.com,198,0.99
extcom_21.com,198,0.99
extcom_07.com,197,0.985
extcom_13.com,196,0.98
extcom_09.com,196,0.98
extcom_27.com,196,0.98
extcom_24.com,192,0.96
extcom_10.com,191,0.955
extcom_06.com,190,0.95
extcom_22.com,187,0.935
extcom_15.com,184,0.92
extcom_23.com,181,0.905
extcom_26.com,180,0.9
extcom_20.com,178,0.89
extcom_17.com,174,0.87
