text_template_id,tickets,example_summary,example_description
834554e1f51ebf2240cdb264b2f40d60f69eb9f98f5b616eb6d731ea6beb88f9,4212,External email warning received for Emailed Support Tickets,"A third party sent a warning regarding Emailed Support Tickets. The email references a delayed feed, unusual error output or degraded service performance, but the details are generic and need triage. Please confirm the operational impact and route the issue to the correct owner."
a9482fe8b5f10fd9a705cdfbbe1c5e8a33a12fa9e4a58977293094e7a6ab5b76,1211,Email notification received for Emailed Support Tickets,"An external party sent an email warning related to Emailed Support Tickets. The message references degraded service quality, a delayed feed, or a possible outage. The content is generic and needs triage to determine whether the issue affects the supported service and which team should act."
adc741c8ae13b36fc79b76865cd77b5ff03609e50295166a9717ec81b9f058de,434,Automated alert triggered for SimCorp Dimension,"SimCorp Dimension generated an automated monitoring alert indicating an operational problem. The log shows repeated execution errors, service degradation, or a processing delay. Please review the event, confirm the impact, and decide whether immediate remediation is needed."
f42edf96c22c5349b8b3e1327a0cd774e485eebd680fddc467704b0a9a7fd64c,420,Automated alert triggered for Trading Platform,"Trading Platform generated an automated monitoring alert indicating an operational problem. The log shows repeated execution errors, service degradation, or a processing delay. Please review the event, confirm the impact, and decide whether immediate remediation is needed."
894c52f2bb3f80e16081032ea0be052455382909c471c649a13b4d7f951700cc,414,Automated alert triggered for Outlook & Email,"Outlook & Email generated an automated monitoring alert indicating an operational problem. The log shows repeated execution errors, service degradation, or a processing delay. Please review the event, confirm the impact, and decide whether immediate remediation is needed."
5613baab4ce007353a6e5ba3bb7b259a453686bfdf3a507723f706d60b8fc3b7,409,Automated alert triggered for Portfolio Accounting,"Portfolio Accounting generated an automated monitoring alert indicating an operational problem. The log shows repeated execution errors, service degradation, or a processing delay. Please review the event, confirm the impact, and decide whether immediate remediation is needed."
655eb92b8bcb0f2a28e1ebd6d3582df6e9af21c8231c15567ba39f83ca7bd852,408,Automated alert triggered for Fund Pricing,"Fund Pricing generated an automated monitoring alert indicating an operational problem. The log shows repeated execution errors, service degradation, or a processing delay. Please review the event, confirm the impact, and decide whether immediate remediation is needed."
d5a956a6deece75de42edee88df2437203d518cbec89b0131965254e25d3218f,407,Automated alert triggered for Trade Matching,"Trade Matching generated an automated monitoring alert indicating an operational problem. The log shows repeated execution errors, service degradation, or a processing delay. Please review the event, confirm the impact, and decide whether immediate remediation is needed."
d8bf08a8b90c4cc751d892fa325115268bf515e0e5980ef71ad02a15b8bcc184,401,Automated alert triggered for Rimes Data Feed,"Rimes Data Feed generated an automated monitoring alert indicating an operational problem. The log shows repeated execution errors, service degradation, or a processing delay. Please review the event, confirm the impact, and decide whether immediate remediation is needed."
4d18d735ab769e0a7c2914717f61d53c76cc88e800e0838bafeae53599f548d0,393,Automated alert triggered for SharePoint & File Storage,"SharePoint & File Storage generated an automated monitoring alert indicating an operational problem. The log shows repeated execution errors, service degradation, or a processing delay. Please review the event, confirm the impact, and decide whether immediate remediation is needed."
c3a49e620def700df5cb5be1e44cd9d51df5d240b3c531f0d71e5db594b510c1,390,Automated alert triggered for Tax Reporting,"Tax Reporting generated an automated monitoring alert indicating an operational problem. The log shows repeated execution errors, service degradation, or a processing delay. Please review the event, confirm the impact, and decide whether immediate remediation is needed."
a7efad5298bd83b6fd9107150a9bfb8de7e3a9a136203f592c583e566ba012c2,387,Automated alert triggered for Corporate Actions,"Corporate Actions generated an automated monitoring alert indicating an operational problem. The log shows repeated execution errors, service degradation, or a processing delay. Please review the event, confirm the impact, and decide whether immediate remediation is needed."
6068ee2d7da63bf0024460a00a9718a5220ad514d89f22debd31289ba21b50eb,387,Automated alert triggered for Regulatory Reporting,"Regulatory Reporting generated an automated monitoring alert indicating an operational problem. The log shows repeated execution errors, service degradation, or a processing delay. Please review the event, confirm the impact, and decide whether immediate remediation is needed."
79927c962c55358ab22a945f25d8a83ce67046127d433bf715e7665b8177cc66,382,Automated alert triggered for Risk & Compliance Monitoring,"Risk & Compliance Monitoring generated an automated monitoring alert indicating an operational problem. The log shows repeated execution errors, service degradation, or a processing delay. Please review the event, confirm the impact, and decide whether immediate remediation is needed."
1cf1d095756eacf801bbb140a48fddbfd4ccb2a66672bea134b10c6a46cfcd13,381,Automated alert triggered for CRM & Client Portal,"CRM & Client Portal generated an automated monitoring alert indicating an operational problem. The log shows repeated execution errors, service degradation, or a processing delay. Please review the event, confirm the impact, and decide whether immediate remediation is needed."
0ae861c047bdaa1d027a739921d156ac0a4b149eee5045a9f8480ba4c2ab3c67,371,Automated alert triggered for Client Reporting,"Client Reporting generated an automated monitoring alert indicating an operational problem. The log shows repeated execution errors, service degradation, or a processing delay. Please review the event, confirm the impact, and decide whether immediate remediation is needed."
0d836ed49258303c372487f5b3d7d8cb1c5ebce6b17d8e72212438689b429a59,369,Automated alert triggered for Order Management,"Order Management generated an automated monitoring alert indicating an operational problem. The log shows repeated execution errors, service degradation, or a processing delay. Please review the event, confirm the impact, and decide whether immediate remediation is needed."
b4e52073b828b30e77e51ecd7fe558701346dd089bc4d1b3f3b31fd7cf1d4183,369,Automated alert triggered for Identity & Access Management,"Identity & Access Management generated an automated monitoring alert indicating an operational problem. The log shows repeated execution errors, service degradation, or a processing delay. Please review the event, confirm the impact, and decide whether immediate remediation is needed."
e00ad48bd5711a158be48d23ce09399280520c13c11cf6f5c5e02c8cc825d0ed,362,Automated alert triggered for NAV Calculation,"NAV Calculation generated an automated monitoring alert indicating an operational problem. The log shows repeated execution errors, service degradation, or a processing delay. Please review the event, confirm the impact, and decide whether immediate remediation is needed."
adeaa4b5f37dd45a428bf27e365d0c6710a20446ebd66f08eccd89b4d44b429f,356,Automated alert triggered for Securities Settlement,"Securities Settlement generated an automated monitoring alert indicating an operational problem. The log shows repeated execution errors, service degradation, or a processing delay. Please review the event, confirm the impact, and decide whether immediate remediation is needed."
1978d2e3e844f4fe319d1d085cb3d647e2b296d23610f25c5bbdd25182e491f6,345,Automated alert triggered for Cash Management,"Cash Management generated an automated monitoring alert indicating an operational problem. The log shows repeated execution errors, service degradation, or a processing delay. Please review the event, confirm the impact, and decide whether immediate remediation is needed."
cd3c6a08c07fa196c24c24c622addc024b19c5689d34ef7e13bcc9974393568a,100,Unclear incident input for Securities Settlement,"The incident note for Securities Settlement is not aligned with the expected service context and contains malformed or unrelated information. The content appears to be accidental or misrouted, and it needs a quick validation to decide whether it should be closed or reassigned."
b059e15728ca49a5f3c32b9412cce06879a19cb68dc2a3506f742546f6dddcb2,98,Unclear incident input for CRM & Client Portal,"The incident note for CRM & Client Portal is not aligned with the expected service context and contains malformed or unrelated information. The content appears to be accidental or misrouted, and it needs a quick validation to decide whether it should be closed or reassigned."
809911515d2de0d7be3a38e4c9b6e760ebde9f41c0f82a2242fd40614607130e,98,Operational issue reported for NAV Calculation,"A user reported an operational disruption in NAV Calculation. The issue description includes business impact, expected behaviour, and clear evidence that the service is no longer operating as intended. Please review the issue, validate the impact, and coordinate the required remediation or workaround."
cd936f42d743b1cc68c2251581344f2f456c7dfb01ab8019f608f4e938c7dbc2,92,Incident mislabelled as service request in Order Management,"This issue was raised against Order Management, but the title suggests a service request instead of a true incident. The underlying problem still needs triage and should be reviewed to ensure it is routed through the correct workflow."
53c54edd8643d73f14daff978119780887461844efebb5e242cea6d6218ac495,91,Operational issue reported for Regulatory Reporting,"A user reported an operational disruption in Regulatory Reporting. The issue description includes business impact, expected behaviour, and clear evidence that the service is no longer operating as intended. Please review the issue, validate the impact, and coordinate the required remediation or workaround."
29f1ac8451f11933f256933302cca5573e47bbf54d2edf161d4999934ebc7be2,91,Operational issue reported for Corporate Actions,"A user reported an operational disruption in Corporate Actions. The issue description includes business impact, expected behaviour, and clear evidence that the service is no longer operating as intended. Please review the issue, validate the impact, and coordinate the required remediation or workaround."
7afbf9dd4107fc7f5c27d9bc786058451cbf38f0ed828a906e3883710aba2ee7,90,Operational issue reported for Fund Pricing,"A user reported an operational disruption in Fund Pricing. The issue description includes business impact, expected behaviour, and clear evidence that the service is no longer operating as intended. Please review the issue, validate the impact, and coordinate the required remediation or workaround."
dfb1f8113ee874e804eb38bcdd178beb7e07a66f6ffe9c13a24ac0be42abd2a8,89,Unclear incident input for Identity & Access Management,"The incident note for Identity & Access Management is not aligned with the expected service context and contains malformed or unrelated information. The content appears to be accidental or misrouted, and it needs a quick validation to decide whether it should be closed or reassigned."
076132a976cb60ed7684a5a8899e9f0cf7bd4d9ea856f9cb375d1b8bf36ce0b1,88,Operational issue reported for Risk & Compliance Monitoring,"A user reported an operational disruption in Risk & Compliance Monitoring. The issue description includes business impact, expected behaviour, and clear evidence that the service is no longer operating as intended. Please review the issue, validate the impact, and coordinate the required remediation or workaround."
0b56dca64f47d76a63d4724514a1cc4d978a084bb4624781bff5cd0560182282,87,Operational issue reported for Client Reporting,"A user reported an operational disruption in Client Reporting. The issue description includes business impact, expected behaviour, and clear evidence that the service is no longer operating as intended. Please review the issue, validate the impact, and coordinate the required remediation or workaround."
b7c62db35c87a6a75fd48915a740420993067a43eff6bd287195d50aa8f5bd12,86,Unclear incident input for Client Reporting,"The incident note for Client Reporting is not aligned with the expected service context and contains malformed or unrelated information. The content appears to be accidental or misrouted, and it needs a quick validation to decide whether it should be closed or reassigned."
975ff2a7320084e7d6de135b27ec1169b36e0be1a43c0b28becc11460593f8e1,85,Operational issue reported for Securities Settlement,"A user reported an operational disruption in Securities Settlement. The issue description includes business impact, expected behaviour, and clear evidence that the service is no longer operating as intended. Please review the issue, validate the impact, and coordinate the required remediation or workaround."
4441ba4b812d4028a00f4c0f4c015a26b2f05c9bad5381dd1e10d7eab27dd7d1,85,Incident mislabelled as service request in Cash Management,"This issue was raised against Cash Management, but the title suggests a service request instead of a true incident. The underlying problem still needs triage and should be reviewed to ensure it is routed through the correct workflow."
9676c698eaa38d6a5ac54c62d1a59f75635f453862c27546c4c6adf14db230a9,84,Incident mislabelled as service request in Trade Matching,"This issue was raised against Trade Matching, but the title suggests a service request instead of a true incident. The underlying problem still needs triage and should be reviewed to ensure it is routed through the correct workflow."
cae4fa08cf5634870c031126b68a2cda30bd8bec41ccce660dfcb98f2cf706ee,84,Incident mislabelled as service request in Outlook & Email,"This issue was raised against Outlook & Email, but the title suggests a service request instead of a true incident. The underlying problem still needs triage and should be reviewed to ensure it is routed through the correct workflow."
d7a3b8fa5d551180aa011e7c46aebbec6dd8d4252c4873dbc454092f614400f2,83,Operational issue reported for Identity & Access Management,"A user reported an operational disruption in Identity & Access Management. The issue description includes business impact, expected behaviour, and clear evidence that the service is no longer operating as intended. Please review the issue, validate the impact, and coordinate the required remediation or workaround."
4c573304f158b2c0bb127d3db9b93106bb16d623f9ed4ae38d07b20f434ab371,82,Unclear incident input for Fund Pricing,"The incident note for Fund Pricing is not aligned with the expected service context and contains malformed or unrelated information. The content appears to be accidental or misrouted, and it needs a quick validation to decide whether it should be closed or reassigned."
6e800818c12014aa9b3b8975568a5c1129359493108aedf30d4a2cabb71c66c3,82,Incident mislabelled as service request in Fund Pricing,"This issue was raised against Fund Pricing, but the title suggests a service request instead of a true incident. The underlying problem still needs triage and should be reviewed to ensure it is routed through the correct workflow."
51b307e24200360d1985b9cb5f5fa7b22beeec1600bf9e77d5238cc890621023,81,Unclear incident input for Cash Management,"The incident note for Cash Management is not aligned with the expected service context and contains malformed or unrelated information. The content appears to be accidental or misrouted, and it needs a quick validation to decide whether it should be closed or reassigned."
fd3cdfb190c66de09b2f1e6296474e8138fd33f6ec90ad6134586a5c9d394d73,81,Unclear incident input for SharePoint & File Storage,"The incident note for SharePoint & File Storage is not aligned with the expected service context and contains malformed or unrelated information. The content appears to be accidental or misrouted, and it needs a quick validation to decide whether it should be closed or reassigned."
0525122f6cd54ae02d347868303596dbdc7bd6d0645986adfec55fbd86dc4827,80,Unclear incident input for Portfolio Accounting,"The incident note for Portfolio Accounting is not aligned with the expected service context and contains malformed or unrelated information. The content appears to be accidental or misrouted, and it needs a quick validation to decide whether it should be closed or reassigned."
e41f81d15daa70f202c2a77cfc020eb7300084c24274d10936378336f1969be8,79,Incident mislabelled as service request in Identity & Access Management,"This issue was raised against Identity & Access Management, but the title suggests a service request instead of a true incident. The underlying problem still needs triage and should be reviewed to ensure it is routed through the correct workflow."
66342781571477a394c4f8baeb049198d7ca558459ab57f9a81bfd82f644fa00,79,Unclear incident input for Outlook & Email,"The incident note for Outlook & Email is not aligned with the expected service context and contains malformed or unrelated information. The content appears to be accidental or misrouted, and it needs a quick validation to decide whether it should be closed or reassigned."
872b2c20e31d67501922905c21a2addb0d91f2cbe52173f9f28439a0c3ab7f9e,79,Incident mislabelled as service request in Trading Platform,"This issue was raised against Trading Platform, but the title suggests a service request instead of a true incident. The underlying problem still needs triage and should be reviewed to ensure it is routed through the correct workflow."
ca7271ec2a537eae2751230c0d4c0eb574157e8d7c8175b6bac9e45b6ab61e1d,77,Incident mislabelled as service request in Client Reporting,"This issue was raised against Client Reporting, but the title suggests a service request instead of a true incident. The underlying problem still needs triage and should be reviewed to ensure it is routed through the correct workflow."
d19a84e0dab85a0cbec8276fd7da3af8469d6bbb16a0cb7b766a5ad2699e0471,77,Unclear incident input for Risk & Compliance Monitoring,"The incident note for Risk & Compliance Monitoring is not aligned with the expected service context and contains malformed or unrelated information. The content appears to be accidental or misrouted, and it needs a quick validation to decide whether it should be closed or reassigned."
43005396ec9d168d145c03446255eeadfd91406e1e423da5f60e510a1a94e098,76,Operational issue reported for Trading Platform,"A user reported an operational disruption in Trading Platform. The issue description includes business impact, expected behaviour, and clear evidence that the service is no longer operating as intended. Please review the issue, validate the impact, and coordinate the required remediation or workaround."
6db7c6f6dd6361c2f843a0dc76f1abdb51ccafddf10400aefb61b7edbc731acb,76,Incident mislabelled as service request in Tax Reporting,"This issue was raised against Tax Reporting, but the title suggests a service request instead of a true incident. The underlying problem still needs triage and should be reviewed to ensure it is routed through the correct workflow."
ea2d61b2636034bfafcbfcb65c7107c385cfd7217e50771fac8c549779a78bfa,75,Operational issue reported for Cash Management,"A user reported an operational disruption in Cash Management. The issue description includes business impact, expected behaviour, and clear evidence that the service is no longer operating as intended. Please review the issue, validate the impact, and coordinate the required remediation or workaround."
d415f2963c7c83aff37152ba9150e63191662ceabb573eca9ddab75e7ccf4971,75,Unclear incident input for Trading Platform,"The incident note for Trading Platform is not aligned with the expected service context and contains malformed or unrelated information. The content appears to be accidental or misrouted, and it needs a quick validation to decide whether it should be closed or reassigned."
0a09a24a91d09bd676698e6683aea5ba3c69dc2e39fca1431e20ea3b308266e6,75,Incident mislabelled as service request in Corporate Actions,"This issue was raised against Corporate Actions, but the title suggests a service request instead of a true incident. The underlying problem still needs triage and should be reviewed to ensure it is routed through the correct workflow."
a14c5bf9b4b52d66ccd0b6843ef670ce54a4a22140d39d51882a1170e6651bae,75,Unclear incident input for Corporate Actions,"The incident note for Corporate Actions is not aligned with the expected service context and contains malformed or unrelated information. The content appears to be accidental or misrouted, and it needs a quick validation to decide whether it should be closed or reassigned."
5390aa31de2c45ce21574e65f5b09762fe7f9eac1d367014e47cbc565055a92c,74,Operational issue reported for Rimes Data Feed,"A user reported an operational disruption in Rimes Data Feed. The issue description includes business impact, expected behaviour, and clear evidence that the service is no longer operating as intended. Please review the issue, validate the impact, and coordinate the required remediation or workaround."
0586ca0938dd7b0466b2e3c2265827a85740cf93d1dded8d83f97db7e6594d50,74,Operational issue reported for Outlook & Email,"A user reported an operational disruption in Outlook & Email. The issue description includes business impact, expected behaviour, and clear evidence that the service is no longer operating as intended. Please review the issue, validate the impact, and coordinate the required remediation or workaround."
7e27f0ec87ef4f6d59eeb2000ca357244a67e4cf26f45c3a4b0c6e05cf32ba2e,73,Incident mislabelled as service request in Securities Settlement,"This issue was raised against Securities Settlement, but the title suggests a service request instead of a true incident. The underlying problem still needs triage and should be reviewed to ensure it is routed through the correct workflow."
01aed85442d1aa264b5ea3f44e3229290fd915a24fa3e334a52ab7bab8efff66,73,Unclear incident input for Order Management,"The incident note for Order Management is not aligned with the expected service context and contains malformed or unrelated information. The content appears to be accidental or misrouted, and it needs a quick validation to decide whether it should be closed or reassigned."
a8de473644046ea3f4898551f600fde06d82a9eeabce612cc54a393f9454fff1,72,Operational issue reported for Trade Matching,"A user reported an operational disruption in Trade Matching. The issue description includes business impact, expected behaviour, and clear evidence that the service is no longer operating as intended. Please review the issue, validate the impact, and coordinate the required remediation or workaround."
2ed571cfa4cfb7ecb7654c1313f420ed5723fa1f25ae96e04f6de4675e81eebe,72,Operational issue reported for SimCorp Dimension,"A user reported an operational disruption in SimCorp Dimension. The issue description includes business impact, expected behaviour, and clear evidence that the service is no longer operating as intended. Please review the issue, validate the impact, and coordinate the required remediation or workaround."
880673e40560002f3f274cd604d29b0563dd703406641553551d3caadc7e6141,71,Incident mislabelled as service request in Portfolio Accounting,"This issue was raised against Portfolio Accounting, but the title suggests a service request instead of a true incident. The underlying problem still needs triage and should be reviewed to ensure it is routed through the correct workflow."
8265c9761d703baf3acc729476973be7b91a74797e20555c1900f3a349cac13a,71,Unclear incident input for Regulatory Reporting,"The incident note for Regulatory Reporting is not aligned with the expected service context and contains malformed or unrelated information. The content appears to be accidental or misrouted, and it needs a quick validation to decide whether it should be closed or reassigned."
806c64edce9600d58ac562235a2bfdb687a62e6223cce0a8dea80096b05589fc,71,Incident mislabelled as service request in Risk & Compliance Monitoring,"This issue was raised against Risk & Compliance Monitoring, but the title suggests a service request instead of a true incident. The underlying problem still needs triage and should be reviewed to ensure it is routed through the correct workflow."
e359ec11f9ba980656f4435aa35e83f3e8e27b014da4dcf8e8e769ed9b95a8ef,70,Incident mislabelled as service request in Rimes Data Feed,"This issue was raised against Rimes Data Feed, but the title suggests a service request instead of a true incident. The underlying problem still needs triage and should be reviewed to ensure it is routed through the correct workflow."
0b8be2b2a2e221c0b48606388521dd406575e3719c58c60abef8eb09651f83b0,70,Unclear incident input for NAV Calculation,"The incident note for NAV Calculation is not aligned with the expected service context and contains malformed or unrelated information. The content appears to be accidental or misrouted, and it needs a quick validation to decide whether it should be closed or reassigned."
3b7a0d3fc011235548cdff45f2f4c97c0677247d981ce2453d4e4b9990f6d5c4,70,Incident mislabelled as service request in SharePoint & File Storage,"This issue was raised against SharePoint & File Storage, but the title suggests a service request instead of a true incident. The underlying problem still needs triage and should be reviewed to ensure it is routed through the correct workflow."
81fcc2c3c7979859125453bd037b2dd9ea8c3806466fe538b1384b0832e05730,70,Unclear incident input for Trade Matching,"The incident note for Trade Matching is not aligned with the expected service context and contains malformed or unrelated information. The content appears to be accidental or misrouted, and it needs a quick validation to decide whether it should be closed or reassigned."
b3d3b487b107165c7969abe930bb731ba025b3932ba35a0f400cf6c9d577001d,69,Operational issue reported for CRM & Client Portal,"A user reported an operational disruption in CRM & Client Portal. The issue description includes business impact, expected behaviour, and clear evidence that the service is no longer operating as intended. Please review the issue, validate the impact, and coordinate the required remediation or workaround."
ffde0afce3d6dd7f325a040279ad4a13618e6399ca83667cc8f49575c8ede8b3,69,Operational issue reported for Portfolio Accounting,"A user reported an operational disruption in Portfolio Accounting. The issue description includes business impact, expected behaviour, and clear evidence that the service is no longer operating as intended. Please review the issue, validate the impact, and coordinate the required remediation or workaround."
e87a8253945c47b3d0159727eb8eba5937c1ef4e95c5cfbb3a4683e0e5fddb80,67,Unclear incident input for SimCorp Dimension,"The incident note for SimCorp Dimension is not aligned with the expected service context and contains malformed or unrelated information. The content appears to be accidental or misrouted, and it needs a quick validation to decide whether it should be closed or reassigned."
f36a8dfb4a56b8523f2f72dd5e9cf85492b0f6171a2cf7fbe6b52da1dec3cba4,67,Operational issue reported for Tax Reporting,"A user reported an operational disruption in Tax Reporting. The issue description includes business impact, expected behaviour, and clear evidence that the service is no longer operating as intended. Please review the issue, validate the impact, and coordinate the required remediation or workaround."
7bb010027d992dd08c86a9fc9c8cf36ddc694aa24188057342d96a04a39f70e4,66,Incident mislabelled as service request in SimCorp Dimension,"This issue was raised against SimCorp Dimension, but the title suggests a service request instead of a true incident. The underlying problem still needs triage and should be reviewed to ensure it is routed through the correct workflow."
13e6a52d7b7435a09390d1536d4d7c74c0927ad10b6912d8af9769c6a3f06336,66,Operational issue reported for Order Management,"A user reported an operational disruption in Order Management. The issue description includes business impact, expected behaviour, and clear evidence that the service is no longer operating as intended. Please review the issue, validate the impact, and coordinate the required remediation or workaround."
27d4aefad49018f06ca4c768976bdd9ce6a25f0e7aeb1a368465fc64b131ed0a,66,Incident mislabelled as service request in NAV Calculation,"This issue was raised against NAV Calculation, but the title suggests a service request instead of a true incident. The underlying problem still needs triage and should be reviewed to ensure it is routed through the correct workflow."
ea55e28ad22e4cdc8eb9707c42d875cedfe90b73ec962bac6ce15f3411def74b,66,Unclear incident input for Tax Reporting,"The incident note for Tax Reporting is not aligned with the expected service context and contains malformed or unrelated information. The content appears to be accidental or misrouted, and it needs a quick validation to decide whether it should be closed or reassigned."
3c49f93a62a386d79484f0c07743a460f4fe1657c1094f30cfead7a3c5b28652,65,Unclear incident input for Rimes Data Feed,"The incident note for Rimes Data Feed is not aligned with the expected service context and contains malformed or unrelated information. The content appears to be accidental or misrouted, and it needs a quick validation to decide whether it should be closed or reassigned."
81b4532c6d41e79034fa309d5e8c970c2b2c311f50d6a848358e5be4158522e9,65,Incident mislabelled as service request in CRM & Client Portal,"This issue was raised against CRM & Client Portal, but the title suggests a service request instead of a true incident. The underlying problem still needs triage and should be reviewed to ensure it is routed through the correct workflow."
4f599180cfd2ebf1305b2fcdc66fbd9ba4a55e1a546d5fac222497fc664883f2,63,Operational issue reported for SharePoint & File Storage,"A user reported an operational disruption in SharePoint & File Storage. The issue description includes business impact, expected behaviour, and clear evidence that the service is no longer operating as intended. Please review the issue, validate the impact, and coordinate the required remediation or workaround."
d8579ff356af16ad2f4aa1b3437a16e98446c5c145858d99e97e076da3afd127,63,Incident mislabelled as service request in Regulatory Reporting,"This issue was raised against Regulatory Reporting, but the title suggests a service request instead of a true incident. The underlying problem still needs triage and should be reviewed to ensure it is routed through the correct workflow."
43510f5b5d45c503ccccd2f09553dbe4fe61974ae04f627905dc693681150d90,58,New license requested for Corporate Actions,A new user requires a license for Corporate Actions to support an operational activity. The request includes the relevant user details and justification and needs validation before the entitlement is assigned.
77f5bca37dab4ed9ee1c1ad84b6172dbf5dd5656db1beb30327233594f687541,51,Access requested for Risk & Compliance Monitoring,A user needs access to Risk & Compliance Monitoring to complete their daily tasks. This request is for standard role-based access and is aligned to the employee's business duties. Please validate the access profile and ensure the user receives the correct permissions in line with policy.
a86f498a3d9616cb5e1e83a277be6be3132569059710997b9a8884b66f23f5a6,50,Access requested for Trade Matching,A user needs access to Trade Matching to complete their daily tasks. This request is for standard role-based access and is aligned to the employee's business duties. Please validate the access profile and ensure the user receives the correct permissions in line with policy.
a0f37027619a351f663234bf632fb6927db5c9b8bf5855efb1084611563e3e12,50,New license requested for Securities Settlement,A new user requires a license for Securities Settlement to support an operational activity. The request includes the relevant user details and justification and needs validation before the entitlement is assigned.
09ef5fe84cdf452969fdd20111b4adac263ca3cbba5d26727bc3556c2789c8eb,50,New license requested for Trade Matching,A new user requires a license for Trade Matching to support an operational activity. The request includes the relevant user details and justification and needs validation before the entitlement is assigned.
d3a469b3485fbb2dbc2825aa42362e430c3e727e58297d7043ada172916545c5,49,New license requested for CRM & Client Portal,A new user requires a license for CRM & Client Portal to support an operational activity. The request includes the relevant user details and justification and needs validation before the entitlement is assigned.
1646615d5bf1541916548e86a474c207b5cfbe7f20946648d30e3701e0c753b9,49,New license requested for Trading Platform,A new user requires a license for Trading Platform to support an operational activity. The request includes the relevant user details and justification and needs validation before the entitlement is assigned.
c8518a0fbf939003887ce3bab8f45a4b86d2ec16cb0259e8ee3def86c1b29e9b,48,New license requested for Outlook & Email,A new user requires a license for Outlook & Email to support an operational activity. The request includes the relevant user details and justification and needs validation before the entitlement is assigned.
8d2e64839b6eb30f10e664d6b025b6e027251dd258ee259a5a82acdaf9be8b97,48,New license requested for SimCorp Dimension,A new user requires a license for SimCorp Dimension to support an operational activity. The request includes the relevant user details and justification and needs validation before the entitlement is assigned.
52fa3073d1292f3c0f643820276ca9fd58dee355205deafd319d9691efbd6676,47,Access requested for Securities Settlement,A user needs access to Securities Settlement to complete their daily tasks. This request is for standard role-based access and is aligned to the employee's business duties. Please validate the access profile and ensure the user receives the correct permissions in line with policy.
d4e74f6ba58fda3a52446e08ccf64b6ae20c8ad835aa3b893ab34c2df50e705d,47,Access requested for CRM & Client Portal,A user needs access to CRM & Client Portal to complete their daily tasks. This request is for standard role-based access and is aligned to the employee's business duties. Please validate the access profile and ensure the user receives the correct permissions in line with policy.
dccba775b20356d777881968d39c665fa6af531510d3aebe61c6aa8e133d8194,46,Access requested for Regulatory Reporting,A user needs access to Regulatory Reporting to complete their daily tasks. This request is for standard role-based access and is aligned to the employee's business duties. Please validate the access profile and ensure the user receives the correct permissions in line with policy.
c78db288fe459faa97870958107ca6e9898ee673e2ec6d724d7634d4e368fcc2,44,New license requested for Client Reporting,A new user requires a license for Client Reporting to support an operational activity. The request includes the relevant user details and justification and needs validation before the entitlement is assigned.
77e243513d2be6fce2de7b0a1c442d1aa3f8e043820aa22fde44d0ddad157506,44,Access requested for Outlook & Email,A user needs access to Outlook & Email to complete their daily tasks. This request is for standard role-based access and is aligned to the employee's business duties. Please validate the access profile and ensure the user receives the correct permissions in line with policy.
06b5c19e3495a803f46555e133863994a34beaa5917184760dd259486eebefd8,44,New license requested for Regulatory Reporting,A new user requires a license for Regulatory Reporting to support an operational activity. The request includes the relevant user details and justification and needs validation before the entitlement is assigned.
71a59d34786f2e52bd1b8e12bdd8973788d93600b1496efe42ba3750e76c880f,43,Access requested for Identity & Access Management,A user needs access to Identity & Access Management to complete their daily tasks. This request is for standard role-based access and is aligned to the employee's business duties. Please validate the access profile and ensure the user receives the correct permissions in line with policy.
429a03c4c9c5cb277eee6121b9e7d62d59bbd2c6279403af4fe339e8511b844f,43,Access requested for Trading Platform,A user needs access to Trading Platform to complete their daily tasks. This request is for standard role-based access and is aligned to the employee's business duties. Please validate the access profile and ensure the user receives the correct permissions in line with policy.
511f8ee90471c506a2bdb2bf29215e0d22ca57afce2211633a950ff967646e2b,43,Access requested for SharePoint & File Storage,A user needs access to SharePoint & File Storage to complete their daily tasks. This request is for standard role-based access and is aligned to the employee's business duties. Please validate the access profile and ensure the user receives the correct permissions in line with policy.
609e808f35c0d53a5561700477ce1c45db0aa348c46d9c83e306df96e18dd927,42,New license requested for NAV Calculation,A new user requires a license for NAV Calculation to support an operational activity. The request includes the relevant user details and justification and needs validation before the entitlement is assigned.
c6594aa49026e3107d8097227417016be8aa50d0645c9d00b3575c4e64154cd4,41,Access requested for Cash Management,A user needs access to Cash Management to complete their daily tasks. This request is for standard role-based access and is aligned to the employee's business duties. Please validate the access profile and ensure the user receives the correct permissions in line with policy.
db1453f55615baf1bf6ff9bf405487ba1aa82f01d879a5f3e337f0ffd0c9ee75,41,New license requested for Portfolio Accounting,A new user requires a license for Portfolio Accounting to support an operational activity. The request includes the relevant user details and justification and needs validation before the entitlement is assigned.
ae8dd299a7d93db96bee7d5591827a5655825cccb988842fd3e53849e5053f43,40,New license requested for Tax Reporting,A new user requires a license for Tax Reporting to support an operational activity. The request includes the relevant user details and justification and needs validation before the entitlement is assigned.
4a72ef5df0ec970d58e0bfc6b1164148965b4ae09eda4c1f42f4328fc726255d,39,Access requested for SimCorp Dimension,A user needs access to SimCorp Dimension to complete their daily tasks. This request is for standard role-based access and is aligned to the employee's business duties. Please validate the access profile and ensure the user receives the correct permissions in line with policy.
6b260a13b5f808ecf3974735fdc7bb06f8e1e427b1be2bfeda5f4be5cb6bf9fa,38,Access requested for Rimes Data Feed,A user needs access to Rimes Data Feed to complete their daily tasks. This request is for standard role-based access and is aligned to the employee's business duties. Please validate the access profile and ensure the user receives the correct permissions in line with policy.
0b0b9634ee8b9d758e6e46e9808166a1af9534983d8724f5cd341a55f0d75d0a,38,New license requested for Order Management,A new user requires a license for Order Management to support an operational activity. The request includes the relevant user details and justification and needs validation before the entitlement is assigned.
6d66eab44f2b32e6f14018561ac5eb8475b76cd8b11e7d0c92efbc43f8519e90,38,New license requested for SharePoint & File Storage,A new user requires a license for SharePoint & File Storage to support an operational activity. The request includes the relevant user details and justification and needs validation before the entitlement is assigned.
59a358e63df6c0fdb417f284aa327e749931a5ac335cd95c402a84b6580547bc,38,New license requested for Risk & Compliance Monitoring,A new user requires a license for Risk & Compliance Monitoring to support an operational activity. The request includes the relevant user details and justification and needs validation before the entitlement is assigned.
6d1392417fcbcb1ebdb0440eaf2351f7a6af3b29b1a56c30601981d116622d6e,37,Access requested for Portfolio Accounting,A user needs access to Portfolio Accounting to complete their daily tasks. This request is for standard role-based access and is aligned to the employee's business duties. Please validate the access profile and ensure the user receives the correct permissions in line with policy.
a6d7c4a5fb4eab20deb5f4d7ee8737128831fb895e9cf1ee46d332145faed402,36,Access requested for NAV Calculation,A user needs access to NAV Calculation to complete their daily tasks. This request is for standard role-based access and is aligned to the employee's business duties. Please validate the access profile and ensure the user receives the correct permissions in line with policy.
e6f9e794d545650ee3ffa6b8b18ac0ffe0c77d66ef14701084553fd6b65d4d45,36,New license requested for Rimes Data Feed,A new user requires a license for Rimes Data Feed to support an operational activity. The request includes the relevant user details and justification and needs validation before the entitlement is assigned.
a016924e7d4032da358fbcc0afe5861f66499839bcea90879605284720ed6bec,35,Access requested for Fund Pricing,A user needs access to Fund Pricing to complete their daily tasks. This request is for standard role-based access and is aligned to the employee's business duties. Please validate the access profile and ensure the user receives the correct permissions in line with policy.
185ec4c9381ac07803d0f7db5cc346862fdd11d84f464aa921b47e72f0607557,34,New license requested for Fund Pricing,A new user requires a license for Fund Pricing to support an operational activity. The request includes the relevant user details and justification and needs validation before the entitlement is assigned.
14731980eec446cc8e04b2fd619660f9cc3d118af3426b987c7c483629313a07,34,New license requested for Cash Management,A new user requires a license for Cash Management to support an operational activity. The request includes the relevant user details and justification and needs validation before the entitlement is assigned.
c390f642eb25f28924d2c4444af5732659281b769449beeeb1ee2958b1511b50,33,New license requested for Identity & Access Management,A new user requires a license for Identity & Access Management to support an operational activity. The request includes the relevant user details and justification and needs validation before the entitlement is assigned.
fd35293db13ac45ec7b54e43d5f530450ff115ca0d36aaceac828ace54f02082,33,Access requested for Corporate Actions,A user needs access to Corporate Actions to complete their daily tasks. This request is for standard role-based access and is aligned to the employee's business duties. Please validate the access profile and ensure the user receives the correct permissions in line with policy.
1f3172906951abbf637f2d6073969159191c8c5ddd36b625de8a3868194d9fd9,32,Access requested for Client Reporting,A user needs access to Client Reporting to complete their daily tasks. This request is for standard role-based access and is aligned to the employee's business duties. Please validate the access profile and ensure the user receives the correct permissions in line with policy.
488b8989fceefb4b47274c15e4d82adc5a1e43ea3e6da2daf612edcb152ba271,31,Access requested for Order Management,A user needs access to Order Management to complete their daily tasks. This request is for standard role-based access and is aligned to the employee's business duties. Please validate the access profile and ensure the user receives the correct permissions in line with policy.
ea66ad045d175e6c91b9d1861da7cf08e7894049f73001a054d54eb858650cc8,29,General request for SharePoint & File Storage with unclear details,The ticket text for SharePoint & File Storage is unclear and not aligned with the expected service request pattern. The message appears incomplete or misrouted and requires review to determine whether it should be rejected or redirected.
57c373ad1e3a8fe68d11d1dab690f02002385d2cc52853bb2e13765e3ef0fb16,27,Incorrect incident title for service request in Tax Reporting,"The submitted title suggests an incident affecting Tax Reporting, but the actual request is a regular service inquiry. Please confirm the correct handling path and classify the request as a service request instead of an operational incident."
fb80b48b0a4ca62e0c95d42b749d602008f300f90591239f3c4bde4b56140020,27,Incorrect incident title for service request in Risk & Compliance Monitoring,"The submitted title suggests an incident affecting Risk & Compliance Monitoring, but the actual request is a regular service inquiry. Please confirm the correct handling path and classify the request as a service request instead of an operational incident."
223ca035d9c5c7f8fc776a004d1aba4381c1d9c8b80f1381c24170cbd151c6d3,26,General request for Rimes Data Feed with unclear details,The ticket text for Rimes Data Feed is unclear and not aligned with the expected service request pattern. The message appears incomplete or misrouted and requires review to determine whether it should be rejected or redirected.
2cc4e6d9faedef794566282ea15caedb949845385339e6b0ba72324bbc248fb4,26,Access removal requested for Portfolio Accounting,"The request is to remove access to Portfolio Accounting following a role change or contract end. Please confirm all permissions, inherited groups, and temporary rights are removed so no user remains active beyond the agreed period."
9f86a9ccc5de4940441cab9699c7a7c37b2e20ed271d073bd9b9e8b887efa744,26,Access removal requested for Identity & Access Management,"The request is to remove access to Identity & Access Management following a role change or contract end. Please confirm all permissions, inherited groups, and temporary rights are removed so no user remains active beyond the agreed period."
d5d64f28eb39c7d2e22fc2b3fc802378c16aa5bf142eba9fb16cee9b0a6c7d32,25,General request for SimCorp Dimension with unclear details,The ticket text for SimCorp Dimension is unclear and not aligned with the expected service request pattern. The message appears incomplete or misrouted and requires review to determine whether it should be rejected or redirected.
b156cc3011bbb0712f0c712e97f8a9d2db1444efa17bc52202011ee14fcfde43,25,General request for NAV Calculation with unclear details,The ticket text for NAV Calculation is unclear and not aligned with the expected service request pattern. The message appears incomplete or misrouted and requires review to determine whether it should be rejected or redirected.
2b7b0a1fc2866387c30936e9c0cbb30c0c8b74ab21bc421dc4056904f553e501,25,Incorrect incident title for service request in Order Management,"The submitted title suggests an incident affecting Order Management, but the actual request is a regular service inquiry. Please confirm the correct handling path and classify the request as a service request instead of an operational incident."
0b2e89c22d4138cff424679558b0fc69b6a983890a4d2e74065b5b9fbc8fe58e,25,Access removal requested for Fund Pricing,"The request is to remove access to Fund Pricing following a role change or contract end. Please confirm all permissions, inherited groups, and temporary rights are removed so no user remains active beyond the agreed period."
da732e372fd485d4425a080f0ff9e4eac7349a1dd0961e2928a6cdb92865d793,25,Incorrect incident title for service request in Securities Settlement,"The submitted title suggests an incident affecting Securities Settlement, but the actual request is a regular service inquiry. Please confirm the correct handling path and classify the request as a service request instead of an operational incident."
b720e182017281d67a829d0e3f6b770610dfb32a1ab14ab76bc3bc6550b710c4,24,Access removal requested for SimCorp Dimension,"The request is to remove access to SimCorp Dimension following a role change or contract end. Please confirm all permissions, inherited groups, and temporary rights are removed so no user remains active beyond the agreed period."
bfec9157b882f61df77af00468e9f7bb9ebc84253729a78648ce737d71859a66,24,General request for Trade Matching with unclear details,The ticket text for Trade Matching is unclear and not aligned with the expected service request pattern. The message appears incomplete or misrouted and requires review to determine whether it should be rejected or redirected.
39bde497d8f41bf49233ffa08f48123116fbf4858afed17c3a13d444540692ee,24,General request for Portfolio Accounting with unclear details,The ticket text for Portfolio Accounting is unclear and not aligned with the expected service request pattern. The message appears incomplete or misrouted and requires review to determine whether it should be rejected or redirected.
e295a0a85099882bdd41554bf70f97069136575d8ade57fff4b14189e0d27278,24,Access removal requested for Tax Reporting,"The request is to remove access to Tax Reporting following a role change or contract end. Please confirm all permissions, inherited groups, and temporary rights are removed so no user remains active beyond the agreed period."
420f69f6787f083d88e6be2bb1c3e24f801611202ec7d0336dbbe729dad3e863,23,Incorrect incident title for service request in Fund Pricing,"The submitted title suggests an incident affecting Fund Pricing, but the actual request is a regular service inquiry. Please confirm the correct handling path and classify the request as a service request instead of an operational incident."
7a7940173714d5939f87b3f887311b13faf61f92a9e54fe52b834e056773b9e1,23,General request for Order Management with unclear details,The ticket text for Order Management is unclear and not aligned with the expected service request pattern. The message appears incomplete or misrouted and requires review to determine whether it should be rejected or redirected.
9a63ed3efa0210b1add0d2d4d2f1f7a31ed1537a7f72742724203cfeffd6959f,23,General request for Corporate Actions with unclear details,The ticket text for Corporate Actions is unclear and not aligned with the expected service request pattern. The message appears incomplete or misrouted and requires review to determine whether it should be rejected or redirected.
6e4cac14b7aed1196cb4fc733d8f9ef5274afdb214eb9f625dc8e04d13ee6272,23,Access removal requested for Trade Matching,"The request is to remove access to Trade Matching following a role change or contract end. Please confirm all permissions, inherited groups, and temporary rights are removed so no user remains active beyond the agreed period."
06deb4c88a1bb01c16e9c60165a13a7b3b1ac9b95fc3155bdc25855dae90521a,23,Access removal requested for Corporate Actions,"The request is to remove access to Corporate Actions following a role change or contract end. Please confirm all permissions, inherited groups, and temporary rights are removed so no user remains active beyond the agreed period."
e469e8330271aa2898a853ffec1686fcc22d84a14589ae7a1577bb1fef0f67e1,23,Incorrect incident title for service request in Outlook & Email,"The submitted title suggests an incident affecting Outlook & Email, but the actual request is a regular service inquiry. Please confirm the correct handling path and classify the request as a service request instead of an operational incident."
d3e94bac3fae41a7e8c76d2634a1b0c2326c7444be0d7192d98e74c29488ab76,23,Incorrect incident title for service request in Regulatory Reporting,"The submitted title suggests an incident affecting Regulatory Reporting, but the actual request is a regular service inquiry. Please confirm the correct handling path and classify the request as a service request instead of an operational incident."
3bab20f06029f8e52e09507f4e94917b83bfcc7ebe2bf203ab998c9663066ba9,23,General request for Securities Settlement with unclear details,The ticket text for Securities Settlement is unclear and not aligned with the expected service request pattern. The message appears incomplete or misrouted and requires review to determine whether it should be rejected or redirected.
2e4bd65b6b2fd4f62f1b39e0eadcc38b4f0d34ce8060e1c6b07590231dd1a6d3,23,Access removal requested for Risk & Compliance Monitoring,"The request is to remove access to Risk & Compliance Monitoring following a role change or contract end. Please confirm all permissions, inherited groups, and temporary rights are removed so no user remains active beyond the agreed period."
242be443025890b0fabd67ad090af0a06f68182998accb7a6565f311dea13ade,22,General request for Trading Platform with unclear details,The ticket text for Trading Platform is unclear and not aligned with the expected service request pattern. The message appears incomplete or misrouted and requires review to determine whether it should be rejected or redirected.
5f8ea989fc5a3e1768b335633e86768511f3a4c63f057b5fc06d8f813f9d716b,22,General request for CRM & Client Portal with unclear details,The ticket text for CRM & Client Portal is unclear and not aligned with the expected service request pattern. The message appears incomplete or misrouted and requires review to determine whether it should be rejected or redirected.
7dda8eb65113c3d03afc54287b3b1624aafcb54d33300b988fcc565e38ad7639,22,Access removal requested for Order Management,"The request is to remove access to Order Management following a role change or contract end. Please confirm all permissions, inherited groups, and temporary rights are removed so no user remains active beyond the agreed period."
1718c882b6e32946963999553f830f982f4ea60492ccb0f9106d4b3a2cbd2d06,22,Incorrect incident title for service request in SimCorp Dimension,"The submitted title suggests an incident affecting SimCorp Dimension, but the actual request is a regular service inquiry. Please confirm the correct handling path and classify the request as a service request instead of an operational incident."
3cefc20bf837224e59a8f922f16b99e2f84bed940abda77441cb82106ea5b79c,22,Access removal requested for SharePoint & File Storage,"The request is to remove access to SharePoint & File Storage following a role change or contract end. Please confirm all permissions, inherited groups, and temporary rights are removed so no user remains active beyond the agreed period."
9166a1a722e0e3a17ad81c0eeb67f5da377d874cef0c839ac0676ef670f5f8a7,22,Incorrect incident title for service request in NAV Calculation,"The submitted title suggests an incident affecting NAV Calculation, but the actual request is a regular service inquiry. Please confirm the correct handling path and classify the request as a service request instead of an operational incident."
25865bf2d014bd805009340a73ec7c01580465918d0e97e24d3b8e5c21f5586f,21,Access removal requested for Outlook & Email,"The request is to remove access to Outlook & Email following a role change or contract end. Please confirm all permissions, inherited groups, and temporary rights are removed so no user remains active beyond the agreed period."
65d70674b295ed908e3dfb861114b639e494ad5d04c6dda8f77b304fd6ffb156,21,Incorrect incident title for service request in Trade Matching,"The submitted title suggests an incident affecting Trade Matching, but the actual request is a regular service inquiry. Please confirm the correct handling path and classify the request as a service request instead of an operational incident."
46e30d55f69daa5a437e5347ab773f94cc9f975591ae1ae7fc8e5e8c768cdc0e,21,Access removal requested for Rimes Data Feed,"The request is to remove access to Rimes Data Feed following a role change or contract end. Please confirm all permissions, inherited groups, and temporary rights are removed so no user remains active beyond the agreed period."
50ba691d0980d5ca6dd1cd830d89555a1b96d564d81f117c673ec974ac0e2817,21,Access removal requested for Regulatory Reporting,"The request is to remove access to Regulatory Reporting following a role change or contract end. Please confirm all permissions, inherited groups, and temporary rights are removed so no user remains active beyond the agreed period."
e4e9aaba55de8eae9d71ad7675e3cdc28d854afe10e49746869f36fec8eafd16,21,Access requested for Tax Reporting,A user needs access to Tax Reporting to complete their daily tasks. This request is for standard role-based access and is aligned to the employee's business duties. Please validate the access profile and ensure the user receives the correct permissions in line with policy.
0057434c3bb7c558acc5e6ae4a7e3c7618f92dfdf26ecab0d39bb797515345ac,20,Incorrect incident title for service request in SharePoint & File Storage,"The submitted title suggests an incident affecting SharePoint & File Storage, but the actual request is a regular service inquiry. Please confirm the correct handling path and classify the request as a service request instead of an operational incident."
cedfbcaf63005e15b63326f31adfc8130887e0b4a79432c3758b2cf13e0ce419,20,General request for Fund Pricing with unclear details,The ticket text for Fund Pricing is unclear and not aligned with the expected service request pattern. The message appears incomplete or misrouted and requires review to determine whether it should be rejected or redirected.
43a8e81c36224623b6f75eb0ae63cd8ce2cfd65e86d86c9094474e691abae37f,20,Access removal requested for Trading Platform,"The request is to remove access to Trading Platform following a role change or contract end. Please confirm all permissions, inherited groups, and temporary rights are removed so no user remains active beyond the agreed period."
f7ae16842046acc6ba0e7e90a1206fbdf0a8759bf44b214229592374ec13947a,20,General request for Tax Reporting with unclear details,The ticket text for Tax Reporting is unclear and not aligned with the expected service request pattern. The message appears incomplete or misrouted and requires review to determine whether it should be rejected or redirected.
0878dcaa02c000c7c3c91d5c8a8f1ccbfc2fae2cbfb70657c0874a51c9bd062c,20,Incorrect incident title for service request in Rimes Data Feed,"The submitted title suggests an incident affecting Rimes Data Feed, but the actual request is a regular service inquiry. Please confirm the correct handling path and classify the request as a service request instead of an operational incident."
12d9e9b941766a62e0dca25dd909dc17fa2294994846beefa4525bef3df52d90,20,General request for Risk & Compliance Monitoring with unclear details,The ticket text for Risk & Compliance Monitoring is unclear and not aligned with the expected service request pattern. The message appears incomplete or misrouted and requires review to determine whether it should be rejected or redirected.
3baed5274095e749a3a30f1567f8db1acbceb186f65a1d23783069a88aed7847,20,Access removal requested for CRM & Client Portal,"The request is to remove access to CRM & Client Portal following a role change or contract end. Please confirm all permissions, inherited groups, and temporary rights are removed so no user remains active beyond the agreed period."
f1c4938e9a0ce88192fe2a35a0422e901e7569d6300695eb6e2b8a58c838bb82,19,Access removal requested for Securities Settlement,"The request is to remove access to Securities Settlement following a role change or contract end. Please confirm all permissions, inherited groups, and temporary rights are removed so no user remains active beyond the agreed period."
3e7a2cfdadf901baa1f2ac44bb7c03735a39fd255d27432e926008c17bb6193e,19,Access removal requested for Cash Management,"The request is to remove access to Cash Management following a role change or contract end. Please confirm all permissions, inherited groups, and temporary rights are removed so no user remains active beyond the agreed period."
dec178fc9d345087972770a90d145a4e13d346ac72ebfcecb6aa43403f06aab8,19,General request for Cash Management with unclear details,The ticket text for Cash Management is unclear and not aligned with the expected service request pattern. The message appears incomplete or misrouted and requires review to determine whether it should be rejected or redirected.
bd622bd10239c9f8cd30028b8da70cdbec187fe10f621409a1215dc13afe76ac,18,General request for Outlook & Email with unclear details,The ticket text for Outlook & Email is unclear and not aligned with the expected service request pattern. The message appears incomplete or misrouted and requires review to determine whether it should be rejected or redirected.
3c721ec6c22424f6aabf992db016c2cb5a5d94fc4c4709f797637373be023a63,18,Access removal requested for Client Reporting,"The request is to remove access to Client Reporting following a role change or contract end. Please confirm all permissions, inherited groups, and temporary rights are removed so no user remains active beyond the agreed period."
91d6e4727d1d169a0cad39a2d2bc2bf025596627a993e73f322d1a2e398e7853,18,General request for Regulatory Reporting with unclear details,The ticket text for Regulatory Reporting is unclear and not aligned with the expected service request pattern. The message appears incomplete or misrouted and requires review to determine whether it should be rejected or redirected.
02eb953c682642b787a35d6ec6d95ebe42b0805ea1b07cc50f381dbcae7446ca,17,Incorrect incident title for service request in Portfolio Accounting,"The submitted title suggests an incident affecting Portfolio Accounting, but the actual request is a regular service inquiry. Please confirm the correct handling path and classify the request as a service request instead of an operational incident."
25314a4c965568a05e096eb59453e34941186b67f0a8804419ae0c35dc1a99f3,17,Incorrect incident title for service request in CRM & Client Portal,"The submitted title suggests an incident affecting CRM & Client Portal, but the actual request is a regular service inquiry. Please confirm the correct handling path and classify the request as a service request instead of an operational incident."
39384135d383f8085a87436280349d50af6d0baad85416e2aea186d1745a4b5e,17,Incorrect incident title for service request in Cash Management,"The submitted title suggests an incident affecting Cash Management, but the actual request is a regular service inquiry. Please confirm the correct handling path and classify the request as a service request instead of an operational incident."
11581a3fe639cb55d1b8cd914abe200fd0dcc696f8d866a397db916b64259faf,17,Incorrect incident title for service request in Identity & Access Management,"The submitted title suggests an incident affecting Identity & Access Management, but the actual request is a regular service inquiry. Please confirm the correct handling path and classify the request as a service request instead of an operational incident."
a467b7972dc1159023a7e0317bc4ba38e698fb7932f5ca67730f22faaa6f45f4,16,General request for Identity & Access Management with unclear details,The ticket text for Identity & Access Management is unclear and not aligned with the expected service request pattern. The message appears incomplete or misrouted and requires review to determine whether it should be rejected or redirected.
d4988a87dc38af30a684f41119cf8951c3334749cdad188c829a8e7511cd5b3b,16,Access removal requested for NAV Calculation,"The request is to remove access to NAV Calculation following a role change or contract end. Please confirm all permissions, inherited groups, and temporary rights are removed so no user remains active beyond the agreed period."
2a3cd01e5bfa24b83e2ebb005a908cfdca4970eddabc38a280f9fe65376e9e84,16,Incorrect incident title for service request in Client Reporting,"The submitted title suggests an incident affecting Client Reporting, but the actual request is a regular service inquiry. Please confirm the correct handling path and classify the request as a service request instead of an operational incident."
6fb63ff22aeff2ff9b1d0e7eff8400405f4de97b50d4f66d3bcecd3a13db92bf,16,Incorrect incident title for service request in Trading Platform,"The submitted title suggests an incident affecting Trading Platform, but the actual request is a regular service inquiry. Please confirm the correct handling path and classify the request as a service request instead of an operational incident."
a09d60aa11ebd685386493c4e0100dd6b40435ec287b9c797feb5d768d128f67,15,General request for Client Reporting with unclear details,The ticket text for Client Reporting is unclear and not aligned with the expected service request pattern. The message appears incomplete or misrouted and requires review to determine whether it should be rejected or redirected.
3d180e37497c122d217d52bde8bb607ce7258825f458cea47d97f657efa4e692,15,Incorrect incident title for service request in Corporate Actions,"The submitted title suggests an incident affecting Corporate Actions, but the actual request is a regular service inquiry. Please confirm the correct handling path and classify the request as a service request instead of an operational incident."
