valor,tickets,pct_tickets
Emailed Support Tickets,5423,27.115
Outlook & Email,805,4.025
Trade Matching,801,4.005
Trading Platform,800,4.0
Fund Pricing,799,3.995
SimCorp Dimension,797,3.985
Corporate Actions,780,3.9
Securities Settlement,778,3.89
Risk & Compliance Monitoring,777,3.885
Portfolio Accounting,774,3.87
CRM & Client Portal,768,3.84
Regulatory Reporting,764,3.82
SharePoint & File Storage,759,3.795
Identity & Access Management,755,3.775
Rimes Data Feed,751,3.755
Client Reporting,746,3.73
Order Management,739,3.695
NAV Calculation,737,3.685
Tax Reporting,731,3.655
Cash Management,716,3.58
