Affected Business or IT Services,France,Germany,Luxembourg,Nordics,Switzerland
CRM & Client Portal,158,165,150,148,147
Cash Management,151,137,149,135,144
Client Reporting,149,167,154,137,139
Corporate Actions,146,176,164,149,145
Emailed Support Tickets,1060,1100,1055,1089,1119
Fund Pricing,168,134,163,173,161
Identity & Access Management,134,162,176,149,134
NAV Calculation,145,141,152,149,150
Order Management,148,133,167,136,155
Outlook & Email,162,142,185,151,165
Portfolio Accounting,162,166,148,151,147
Regulatory Reporting,131,126,173,172,162
Rimes Data Feed,138,130,169,159,155
Risk & Compliance Monitoring,156,155,162,151,153
Securities Settlement,156,159,152,168,143
SharePoint & File Storage,146,150,167,158,138
SimCorp Dimension,163,153,147,156,178
Tax Reporting,141,150,150,146,144
Trade Matching,150,162,164,165,160
Trading Platform,167,157,166,173,137
